#############################################################################
#
#         PSFAMILY.DAT file for PScript/AdobePS driver for NT4/5
#
# Database of Microsoft specific data needed by the AFM compiler for AFM to
# PFM conversion. Each line cosists of four fields delimited by colon(:).
# Each field has the following meaing.
#
#
#   Field 1: Adobe PostScript font name (excluding its encoding part).
#   Field 2: English Adobe/Microsoft font face name.
#   Field 3: Localized Adobe/Microsoft font face name.
#   Field 4: One of the following Microsoft family name:
#				Swiss = SansSerif
#				Roman = Serif
#				Modern = Monospaced
#				Script = handwriting
#				Decorative = Special
#   Field 5: Optional. One of the following Microsoft pitch name:
#            This field is used only for 90msp font.
#				Default
#				Fixed
#				Proportional
#
# Field 2 can be blank. In that case the English face name for the font is
# generated either a) by using the name at Field 1 for Roman font or b) by
# combining the name at Field 1 with an appropriate encoding name (excluding
# trailing -H and -V) for CJK font.
#
# A line beginning with # sign at coloum 1 (like this one) is ignored.
#
#############################################################################


#############################################################################
#
# PostScript Type1 fonts
#
#############################################################################

AGaramond-Bold::AGaramond Bold:Roman
AGaramond-BoldItalic::AGaramond Bold:Roman
AGaramond-Italic::AGaramond:Roman
AGaramond-Regular::AGaramond:Roman
AGaramond-Semibold::AGaramond:Roman
AGaramond-SemiboldItalic::AGaramond:Roman
AGaramond-Titling::AGaramond Titling:Roman

Aachen-Bold::Aachen:Roman

AdobePi::AdobePi:Decorative

AlbertusMT::Albertus MT:Roman
AlbertusMT-Italic::Albertus MT:Roman
AlbertusMT-Light::Albertus MT Lt:Roman

AmericanTypewriter-Bold::AmericanTypewriter:Roman
AmericanTypewriter-Medium::AmericanTypewriter:Roman

AntiqueOlive-Bold::Antique Olive Roman:Swiss
AntiqueOlive-Compact::Antique Olive Compact:Swiss
AntiqueOlive-Italic::Antique Olive Roman:Swiss
AntiqueOlive-Roman::Antique Olive Roman:Swiss

AvantGarde-Book::AvantGarde:Swiss
AvantGarde-BookOblique::AvantGarde:Swiss
AvantGarde-Demi::AvantGarde:Swiss
AvantGarde-DemiOblique::AvantGarde:Swiss

Benguiat-Bold::Benguiat:Roman
Benguiat-Book::Benguiat:Roman

BernhardModern-Bold::Bernhard Modern Roman:Roman
BernhardModern-BoldItalic::Bernhard Modern Roman:Roman
BernhardModern-Italic::Bernhard Modern Roman:Roman
BernhardModern-Roman::Bernhard Modern Roman:Roman

Birch::Birch:Roman

Bodoni::Bodoni:Roman
Bodoni-Bold::Bodoni:Roman
Bodoni-BoldItalic::Bodoni:Roman
Bodoni-Italic::Bodoni:Roman
Bodoni-Poster::Bodoni Poster:Roman
Bodoni-PosterCompressed::Bodoni PosterCompressed:Roman

Bookman-Demi::Bookman:Roman
Bookman-DemiItalic::Bookman:Roman
Bookman-Light::Bookman:Roman
Bookman-LightItalic::Bookman:Roman

BrushScript::Brush Script:Roman

Carta::Carta:Decorative

CenturyOldStyle-Bold::Century Old Style:Roman
CenturyOldStyle-Italic::Century Old Style:Roman
CenturyOldStyle-Regular::Century Old Style:Roman

Chaparral-Bold::Chaparral Regular:Roman
Chaparral-BoldIt::Chaparral Regular:Roman
Chaparral-Italic::Chaparral Regular:Roman
Chaparral-Regular::Chaparral Regular:Roman

Cheltenham-Bold::Cheltenham:Roman
Cheltenham-BoldItalic::Cheltenham:Roman

Cheltenham-Book::Cheltenham:Roman
Cheltenham-BookItalic::Cheltenham:Roman

Clarendon::Clarendon:Roman
Clarendon-Bold::Clarendon:Roman
Clarendon-Light::Clarendon Light:Roman

CooperBlack::Cooper Black:Roman
CooperBlack-Italic::Cooper Black:Roman

Copperplate-ThirtyTwoBC::Copperplate32bc:Swiss
Copperplate-ThirtyThreeBC::Copperplate33bc:Swiss

Coronet-Regular::Coronet:Swiss

Eurostile::Eurostile:Swiss
Eurostile-Bold::Eurostile Bold:Swiss
Eurostile-BoldExtendedTwo::Eurostile ExtendedTwo:Swiss
Eurostile-ExtendedTwo::Eurostile ExtendedTwo:Swiss

FranklinGothic-Book::FranklinGothic:Swiss
FranklinGothic-BookOblique::FranklinGothic:Swiss
FranklinGothic-Demi::FranklinGothic:Swiss
FranklinGothic-DemiOblique::FranklinGothic:Swiss
FranklinGothic-Heavy::FrGothHeavy:Swiss
FranklinGothic-HeavyOblique::FrGothHeavy:Swiss

FreestyleScript::FreestyleScript:Roman

FrizQuadrata::FrizQuadrata:Roman
FrizQuadrata-Bold::FrizQuadrata:Roman

Galliard-Bold::Galliard:Roman
Galliard-BoldItalic::Galliard:Roman
Galliard-Italic::Galliard:Roman
Galliard-Roman::Galliard:Roman

Garamond-Bold::Garamond:Roman
Garamond-BoldItalic::Garamond:Roman
Garamond-Light::Garamond:Roman
Garamond-LightItalic::Garamond:Roman

Giddyup::Giddyup:Script

GillSans::GillSans:Swiss
GillSans-Bold::GillSans:Swiss
GillSans-BoldCondensed::GillSans Condensed:Swiss
GillSans-BoldItalic::GillSans:Swiss
GillSans-Condensed::GillSans Condensed:Swiss
GillSans-ExtraBold::GillSans ExtraBold:Swiss
GillSans-Italic::GillSans:Swiss
GillSans-Light::GillSans Light:Swiss
GillSans-LightItalic::GillSans Light:Swiss

Glypha::Glypha:Roman
Glypha-Bold::Glypha:Roman
Glypha-BoldOblique::Glypha:Roman
Glypha-Oblique::Glypha:Roman

Goudy::Goudy:Roman
Goudy-Bold::Goudy:Roman
Goudy-BoldItalic::Goudy:Roman
Goudy-ExtraBold::Goudy ExtraBold:Roman
Goudy-Italic::Goudy:Roman

Helvetica-Black::Helvetica Black:Swiss
Helvetica-BlackOblique::Helvetica Black:Swiss

Helvetica-Condensed::Helvetica Condensed:Swiss
Helvetica-Condensed-Bold::Helvetica Condensed:Swiss
Helvetica-Condensed-BoldObl::Helvetica Condensed:Swiss
Helvetica-Condensed-Oblique::Helvetica Condensed:Swiss

Helvetica-Condensed-Black::Helvetica Condensed Black:Swiss
Helvetica-Condensed-BlackObl::Helvetica Condensed Black:Swiss

Helvetica-Condensed-Light::Helvetica Condensed Light:Swiss
Helvetica-Condensed-LightObl::Helvetica Condensed Light:Swiss

Helvetica-Light::Helvetica Light:Swiss
Helvetica-LightOblique::Helvetica Light:Swiss

Hobo::Hobo:Swiss

JoannaMT::Joanna MT:Roman
JoannaMT-Bold::Joanna MT:Roman
JoannaMT-BoldItalic::Joanna MT:Roman
JoannaMT-Italic::Joanna MT:Roman

Korinna-Bold::Korinna:Roman
Korinna-KursivBold::Korinna Kursiv:Roman
Korinna-KursivRegular::Korinna Kursiv:Roman
Korinna-Regular::Korinna:Roman

LetterGothic::Letter Gothic:Modern
LetterGothic-Bold::Letter Gothic:Modern
LetterGothic-BoldSlanted::Letter Gothic:Modern
LetterGothic-Slanted::Letter Gothic:Modern

Lithos-Black::Lithos Regular:Swiss
Lithos-Bold::Lithos Light:Swiss
Lithos-Regular::Lithos Regular:Swiss

LubalinGraph-Book::LubalinGraph:Roman
LubalinGraph-BookOblique::LubalinGraph:Roman

LubalinGraph-Demi::LubalinGraph:Roman
LubalinGraph-DemiOblique::LubalinGraph:Roman

Machine::Machine:Roman

Marigold::Marigold:Roman

Melior::Melior:Roman
Melior-Bold::Melior:Roman
Melior-BoldItalic::Melior:Roman
Melior-Italic::Melior:Roman

Minion-Bold::Minion Bold:Roman
Minion-BoldCondensed::Minion Condensed:Roman
Minion-BoldCondensedItalic::Minion Condensed:Roman
Minion-Condensed::Minion Condensed:Roman
Minion-CondensedItalic::Minion Condensed:Roman
Minion-Italic::Minion:Roman
Minion-Regular::Minion:Roman
Minion-Semibold::Minion:Roman
Minion-SemiboldItalic::Minion:Roman

MonaLisa-Recut::Mona Lisa Recut:Roman

Myriad-Bold::Myriad Roman:Swiss
Myriad-BoldItalic::Myriad Roman:Siwss
Myriad-CnBold::Myriad Condensed:Swiss
Myriad-CnBoldItalic::Myriad Condensed:Swiss
Myriad-CnItalic::Myriad Condensed:Swiss
Myriad-Condensed::Myriad Condensed:Swiss
Myriad-Italic::Myriad Roman:Swiss
Myriad-Roman::Myriad Roman:Swiss

NewBaskerville-Bold::NewBaskerville:Roman
NewBaskerville-BoldItalic::NewBaskerville:Roman
NewBaskerville-Italic::NewBaskerville:Roman
NewBaskerville-Roman::NewBaskerville:Roman

NewCenturySchlbk-Bold::NewCenturySchlbk:Roman
NewCenturySchlbk-BoldItalic::NewCenturySchlbk:Roman
NewCenturySchlbk-Italic::NewCenturySchlbk:Roman
NewCenturySchlbk-Roman::NewCenturySchlbk:Roman

NewsGothic::NewsGothic:Swiss
NewsGothic-Bold::NewsGothic:Swiss
NewsGothic-BoldOblique::NewsGothic:Swiss
NewsGothic-Oblique::NewsGothic:Swiss

Nueva-BoldExtended::Nueva BoldExtended:Roman
Nueva-BoldExtendedItalic::Nueva BoldExtended:Roman
Nueva-Italic::Nueva Roman:Roman
Nueva-Roman::Nueva Roman:Roman

Optima::Optima:Swiss
Optima-Bold::Optima:Swiss
Optima-BoldOblique::Optima:Swiss
Optima-Oblique::Optima:Swiss

Orator-Slanted::Orator:Modern

Oxford::Oxford:Roman

Palatino-Roman::Palatino:Roman
Palatino-Bold::Palatino:Roman
Palatino-BoldItalic::Palatino:Roman
Palatino-Italic::Palatino:Roman

ParkAvenue::ParkAvenue:Roman

PrestigeElite::PrestigeElite:Modern
PrestigeElite-Bold::PrestigeElite:Modern
PrestigeElite-BoldSlanted::PrestigeElite:Modern
PrestigeElite-Slanted::PrestigeElite:Modern

Raphael::Raphael:Roman

Revue::Revue:Swiss

Sonata::Sonata:Decorative

Souvenir-Demi::Souvenir:Roman
Souvenir-DemiItalic::Souvenir:Roman
Souvenir-Light::Souvenir:Roman
Souvenir-LightItalic::Souvenir:Roman

StempelGaramond-Bold::StempelGaramond Roman:Roman
StempelGaramond-BoldItalic::StempelGaramond Roman:Roman
StempelGaramond-Italic::StempelGaramond Roman:Roman
StempelGaramond-Roman::StempelGaramond Roman:Roman

Stencil::Stencil:Modern

Tekton::Tekton:Swiss
Tekton-Bold::Tekton:Swiss
Tekton-BoldOblique::Tekton:Swiss
Tekton-Oblique::Tekton:Swiss

Tiffany::Tiffany:Roman
Tiffany-Demi::Tiffany:Roman
Tiffany-DemiItalic::Tiffany:Roman
Tiffany-Heavy::Tiffany:Roman
Tiffany-HeavyItalic::Tiffany:Roman
Tiffany-Italic::Tiffany:Roman

TimesNewRomanPS::TimesNewRomanPS:Roman
TimesNewRomanPS-Bold::TimesNewRomanPS:Roman
TimesNewRomanPS-BoldItalic::TimesNewRomanPS:Roman
TimesNewRomanPS-Italic::TimesNewRomanPS:Roman

Trajan-Bold::Trajan:Roman
Trajan-Regular::Trajan:Roman

TrumpMediaeval-Roman::TrumpMediaeval:Roman
TrumpMediaeval-Bold::TrumpMediaeval:Roman
TrumpMediaeval-BoldItalic::TrumpMediaeval:Roman
TrumpMediaeval-Italic::TrumpMediaeval:Roman

Univers::Univers 55:Swiss
Univers-Bold::Univers 45 Light:Swiss
Univers-BoldExt::Univers Extended:Swiss
Univers-BoldExtObl::Univers Extended:Swiss
Univers-BoldOblique::Univers 45 Light:Swiss
Univers-Condensed::Univers 57 Condensed:Swiss
Univers-CondensedBold::Univers 47 CondensedLight:Swiss
Univers-CondensedBoldOblique::Univers 47 CondensedLight:Swiss
Univers-CondensedOblique::Univers 57 Condensed:Swiss
Univers-Extended::Univers Extended:Swiss
Univers-ExtendedObl::Univers Extended:Swiss
Univers-Light::Univers 45 Light:Swiss
Univers-LightOblique::Univers 45 Light:Swiss
Univers-Oblique::Univers 55:Swiss

UniversityRoman::UniversityRoman:Roman

Varitimes#Roman::Times Roman:Roman
Varitimes#Bold::Times Roman:Roman
Varitimes#BoldItalic::Times Roman:Roman
Varitimes#Italic::Times Roman:Roman

Viva-BoldExtraExtended::Viva BoldExtraExtended:Roman
Viva-LightCondensed::Viva LightCondensed:Roman
Viva-Regular::Viva Regular:Roman

ZapfChancery-MediumItalic::ZapfChancery:Roman
ZapfDingbats::ZapfDingbats:Decorative

#
# The following are needed for the original Goose build:
# and for the MS Windows PostScript printer driver.
#
Courier::Courier:Modern
Courier-Bold::Courier:Modern
Courier-BoldOblique::Courier:Modern
Courier-Oblique::Courier:Modern

Helvetica::Helvetica:Swiss
Helvetica-Bold::Helvetica:Swiss
Helvetica-BoldOblique::Helvetica:Swiss
Helvetica-Oblique::Helvetica:Swiss

Helvetica-Narrow::Helvetica-Narrow:Swiss
Helvetica-Narrow-Bold::Helvetica-Narrow:Swiss
Helvetica-Narrow-BoldOblique::Helvetica-Narrow:Swiss
Helvetica-Narrow-Oblique::Helvetica-Narrow:Swiss

Symbol::Symbol:Roman

Times-Bold::Times:Roman
Times-BoldItalic::Times:Roman
Times-Italic::Times:Roman
Times-Roman::Times:Roman


#############################################################################
#
# The following are TrueType fonts of PostScript 3 Core Font Set
#
#############################################################################

Apple-Chancery::Apple Chancery:Script

ArialMT::Arial:Swiss
Arial-BoldMT::Arial:Swiss
Arial-BoldItalicMT::Arial:Swiss
Arial-ItalicMT::Arial:Swiss

Chicago::Chicago:Swiss

Geneva::Geneva:Swiss

HoeflerText-Black::Hoefler Text Black:Roman
HoeflerText-BlackItalic::Hoefler Text Black:Roman

HoeflerText-Italic::Hoefler Text:Roman
HoeflerText-Regular::Hoefler Text:Roman

HoeflerText-Ornaments::Hoefler Text Ornaments:Decorative

Monaco::Monaco:Modern

NewYork::New York:Roman

TimesNewRomanPSMT::Times New Roman:Roman
TimesNewRomanPS-BoldMT::Times New Roman:Roman
TimesNewRomanPS-BoldItalicMT::Times New Roman:Roman
TimesNewRomanPS-ItalicMT::Times New Roman:Roman

Wingdings-Regular::Wingdings:Decorative


#############################################################################
#
# Chinese Simplified PostScript Fonts
#
#############################################################################

STFangsong-Light:STFangsong Light:ª™Œƒ∑¬ÀŒ:Roman
STHeiti-Regular:STHeiti Regular:ª™Œƒ∫⁄ÃÂ:Modern
STKaiti-Regular:STKaiti Regular:ª™Œƒø¨ÃÂ:Script
STSong-Light:STSong Light:ª™ŒƒÀŒÃÂ:Roman

AdobeSongStd-Light:Adobe Song Std L:Adobe ÀŒÃÂ Std L:Roman

#############################################################################
#
# Chinese Traditional PostScript Fonts
#
#############################################################################

MHei-Medium:MHei Medium:§§∂¬≈È:Modern
MKai-Medium:MKai Medium:∑¢Æ—:Script
MSung-Light:MSung Light:ß∫≈È:Roman
MSung-Medium:MSung Medium:§§ß∫≈È:Roman

AdobeMingStd-Light:Adobe Ming Std L:Adobe ©˙≈È Std L:Roman

#############################################################################
#
# Japanese PostScript Fonts
#
#############################################################################

#
# Adobe
#
KozMin-ExtraLight:Kozuka Mincho EL:è¨íÀñæí©EL:Roman
KozMin-Light:Kozuka Mincho L:è¨íÀñæí©L:Roman
KozMin-Regular:Kozuka Mincho R:è¨íÀñæí©R:Roman
KozMin-Medium:Kozuka Mincho M:è¨íÀñæí©M:Roman
KozMin-Bold:Kozuka Mincho B:è¨íÀñæí©B:Roman
KozMin-Heavy:Kozuka Mincho H:è¨íÀñæí©H:Roman

#
# Morisawa
#
FutoGoB101-Bold:Futo Go B101:ëæÉSB101:Modern
FutoMinA101-Bold:Futo Min A101:ëæÉ~ÉìA101:Roman

GothicBBB-Medium:Gothic Medium BBB:íÜÉSÉVÉbÉNBBB:Modern
#GothicBBB-Medium:Gothic Medium P BBB:íÜÉSÉVÉbÉNPBBB:Modern:Proportional
GothicMB101-Bold:Gothic MB101 B:ÉSÉVÉbÉNMB101 B:Modern
GothicMB101-hea:Gothic MB101 H:ÉSÉVÉbÉNMB101 H:Modern
GothicMB101-Ult:Gothic MB101 U:ÉSÉVÉbÉNMB101 U:Modern

Jun101-Light:Jun 101:Ç∂Ç„ÇÒ101:Modern
Jun34-Medium:Jun 34:Ç∂Ç„ÇÒ34:Modern
Jun501-Bold:Jun 501:Ç∂Ç„ÇÒ501:Modern

KyokaICA-Light:Kyokasho ICA L:ã≥â»èëICA L:Roman
KyokaICA-Medium:Kyokasho ICA M:ã≥â»èëICA M:Roman
KyokaICA-regular:Kyokasho ICA R:ã≥â»èëICA R:Roman

MidashiGo-MB31:Midashi Go MB31:å©èoÉSMB31:Modern
MidashiMin-MA31:Midashi Min MA31:å©èoÉ~ÉìMA31:Roman

Ryumin-Bold:Ryumin B-KL:ÉäÉÖÉEÉ~ÉìB-KL:Roman
Ryumin-Light:Ryumin L-KL:ÉäÉÖÉEÉ~ÉìL-KL:Roman
Ryumin-Medium:Ryumin M-KL:ÉäÉÖÉEÉ~ÉìM-KL:Roman
Ryumin-regular:Ryumin R-KL:ÉäÉÖÉEÉ~ÉìR-KL:Roman
Ryumin-Ultra:Ryumin U-KL:ÉäÉÖÉEÉ~ÉìU-KL:Roman
Ryumin-heavy:Ryumin H-KL:ÉäÉÖÉEÉ~ÉìH-KL:Roman

#Ryumin-Light:Ryumin P L-KL:ÉäÉÖÉEÉ~ÉìPL-KL:Roman:Proportional

ShinGo-Bold:Shin Go B:êVÉSB:Modern
ShinGo-Light:Shin Go L:êVÉSL:Modern
ShinGo-Medium:Shin Go M:êVÉSM:Modern
ShinGo-regular:Shin Go R:êVÉSR:Modern
ShinGo-Ultra:Shin Go U:êVÉSU:Modern

ShinseiKai-CBSK1:Shinsei Kaisho CBSK1:êVê≥û≤èëCBSK1:Roman

#
# TypeBank
#
TypeBankG-b:TypeBankG b:É^ÉCÉvÉoÉìÉNÉSÉVÉbÉNB:Modern
TypeBankG-db:TypeBankG db:É^ÉCÉvÉoÉìÉNÉSÉVÉbÉNDB:Modern
TypeBankG-e:TypeBankG e:É^ÉCÉvÉoÉìÉNÉSÉVÉbÉNE:Modern
TypeBankG-hv:TypeBankG hv:É^ÉCÉvÉoÉìÉNÉSÉVÉbÉNH:Modern
TypeBankG-m:TypeBankG m:É^ÉCÉvÉoÉìÉNÉSÉVÉbÉNM:Modern
TypeBankG-r:TypeBankG r:É^ÉCÉvÉoÉìÉNÉSÉVÉbÉNR:Modern

TypeBankM-de:TypeBankM de:É^ÉCÉvÉoÉìÉNñæí©DE:Roman
TypeBankM-e:TypeBankM e:É^ÉCÉvÉoÉìÉNñæí©E:Roman
TypeBankM-hv:TypeBankM hv:É^ÉCÉvÉoÉìÉNñæí©H:Roman
TypeBankM-m:TypeBankM m:É^ÉCÉvÉoÉìÉNñæí©M:Roman

TypeBankMaruG-r:TypeBankMaruG r:É^ÉCÉvÉoÉìÉNä€ÉSÉVÉbÉNR:Modern

#
# FDPC Heisei
#
HeiseiKakuGo-W3:Heisei Kaku Gothic W3:ïΩê¨äpÉSÉVÉbÉN W3:Modern
HeiseiKakuGo-W5:Heisei Kaku Gothic W5:ïΩê¨äpÉSÉVÉbÉNW5:Modern
HeiseiKakuGo-W7:Heisei Kaku Gothic W7:ïΩê¨äpÉSÉVÉbÉN W7:Modern
HeiseiKakuGo-W9:Heisei Kaku Gothic W9:ïΩê¨äpÉSÉVÉbÉN W9:Modern

HeiseiMin-W3:Heisei Mincho W3:ïΩê¨ñæí©W3:Roman
HeiseiMin-W5:Heisei Mincho W5:ïΩê¨ñæí© W5:Roman
HeiseiMin-W7:Heisei Mincho W7:ïΩê¨ñæí© W7:Roman
HeiseiMin-W9:Heisei Mincho W9:ïΩê¨ñæí© W9:Roman

HeiseiMaruGo-W4:Heisei Maru Gothic W4:ïΩê¨ä€ÉSÉVÉbÉN W4:Modern


#############################################################################
#
# Japanese Clone PostScript Fonts
#
#############################################################################

#
# QMS Japan
#
TypeBankG-B:Typebank Gothic B:¿≤Ãﬂ ﬁ›∏∫ﬁºØ∏B:Modern
TypeBankG-H:Typebank Gothic H:¿≤Ãﬂ ﬁ›∏∫ﬁºØ∏H:Modern
TypeBankM-H:Typebank Mincho H:¿≤Ãﬂ ﬁ›∏ñæí©H:Roman
TypeBankM-M:Typebank Mincho M:¿≤Ãﬂ ﬁ›∏ñæí©M:Roman

#
# APTi
#
HeiseiKakuGothicW5-Medium:Heisei Kaku Gothic Tai W5:ïΩê¨äpÉSÉVÉbÉNëÃW5:Modern
HeiseiMinchoW3-Light:Heisei Mincho Tai W3:ïΩê¨ñæí©ëÃW3:Roman
NIS-M5:JTC Win M5:JTCÉEÉCÉìM5:Roman
NIS-R1:JTC Win R1:JTCÉEÉCÉìR1:Modern
NIS-S7:JTC Win S7:JTCÉEÉCÉìS7:Modern

#
# Ricoh
#
RicohGothicB:Gothic B:ÉSÉVÉbÉNB:Modern
RicohGothicEB:Gothic E:ÉSÉVÉbÉNE:Modern
RicohGothicM:Gothic M:ÉSÉVÉbÉNM:Modern
RicohGyosho:Gyosho Tai:çsèëëÃ:Script
RicohKaisho:Sei Kaisho Tai:ê≥û≤èëëÃ:Roman
RicohKyokasho:Kyokasho Tai:ã≥â»èëëÃ:Roman
RicohMGothicB:Maru Gothic B:ä€ÉSÉVÉbÉNB:Modern
RicohMGothicL:Maru Gothic L:ä€ÉSÉVÉbÉNL:Modern
RicohMGothicM:Maru Gothic M:ä€ÉSÉVÉbÉNM:Modern
RicohMinchoB:Mincho B:ñæí©B:Roman
RicohMinchoEB:Mincho E:ñæí©E:Roman
RicohMinchoL:Mincho L:ñæí©L:Roman


#############################################################################
#
# Korean PostScript Fonts
#
#############################################################################

HYGoThic-Medium:HYGoThic M:HY¡ﬂ∞ÌµÒ:Modern
HYGoThic-Medium:HYGoThic M HW:HY¡ﬂ∞ÌµÒ (∞Ì¡§∆¯):Modern:Fixed
HYGungSo-Bold:HYGungSo B:HY±√º≠B:Script
HYGungSo-Bold:HYGungSo B HW:HY±√º≠B (∞Ì¡§∆¯):Script:Fixed
HYKHeadLine-Bold:HYKHeadLine B:HY∞¢«ÏµÂ∂Û¿ŒB:Modern
HYKHeadLine-Medium:HYKHeadLine M:HY∞¢«ÏµÂ∂Û¿ŒM:Modern
HYRGoThic-Medium:HYRGoThic M:HYµ’±Ÿ∞ÌµÒM:Modern
HYRGoThic-Medium:HYRGoThic M HW:HYµ’±Ÿ∞ÌµÒM (∞Ì¡§∆¯):Modern:Fixed
HYSMyeongJo-Medium:HYSMyeongJo M:HYΩ≈∏Ì¡∂:Roman
HYSMyeongJo-Medium:HYSMyeongJo M HW:HYΩ≈∏Ì¡∂ (∞Ì¡§∆¯):Roman:Fixed

SMGothic-Bold:SMGothic B:SM∞ﬂ√‚∞ÌµÒ:Modern
SMGothic-DemiBold:SMGothic DemiB:SM≈¬∞ÌµÒ:Modern
SMGothic-Light:SMGothic L:SMºº∞ÌµÒ:Modern
SMGothic-Medium:SMGothic M:SM¡ﬂ∞ÌµÒ:Modern

SMMyungjo-Bold:SMMyungjo B:SM∞ﬂ√‚∏Ì¡∂:Roman
SMMyungjo-DemiBold:SMMyungjo DemiB:SM≈¬∏Ì¡∂:Roman
SMMyungjo-Light:SMMyungjo L:SMºº∏Ì¡∂:Roman
SMMyungjo-Medium:SMMyungjo M:SMΩ≈∏Ì¡∂:Roman

AdobeMyungjoStd-Medium:Adobe Myungjo Std M:Adobe ∏Ì¡∂ Std M:Roman

